{
    "type": "GenericCrafter",
    "name": "Ore-factory -0",
    "description": "use copper make sand.",
    "size": 1,
    "outputItem": {"item": "sand", "amount": 2},
    "hasLiquids": false,
    "craftTime": 0,
    "consumes": {
        "items": {
            "items": [
                { "item": "copper", "amount": 1 }
            ],
            "optional": false
        }
    },
    "requirements":[
        { "item": "copper", "amount": 50 }
    ],
    "category": "crafting",
    "research": "mechanical-drill"
}