{
    "type": "GenericCrafter",
    "name": "Ore-factory 1",
    "description": "use copper make lead.",
    "size": 1,
    "outputItem": {"item": "lead", "amount": 1},
    "hasLiquids": false,
    "craftTime": 0,
    "consumes": {
        "items": {
            "items": [
                { "item": "copper", "amount": 2 }
            ],
            "optional": false
        }
    },
    "requirements":[
        { "item": "copper", "amount": 50 }
    ],
    "category": "crafting",
    "research": "mechanical-drill"
}